vehicle_id,vehicle_registration_plate,vin,stock_number,make,model,year,trim,transmission,body_style,fuel_type,drivetrain,description,image,mileage.value,mileage.unit,url,title,price,state_of_vehicle,exterior_color,interior_color,address,latitude,longitude,dealer_id,dealer_name,dealer_phone,fb_page_id,dealer_communication_channel,dealer_privacy_policy_url
19725655,,1GT49UEY1NF125266,125266,GMC,Sierra 3500HD,2022,SLT,Automatic,TRUCK,Diesel,4WD,Stop by and check out this 2022 GMC Sierra 3500HD at A Plus Trucks today! Our customer service is second to none.,[],43128,MI,https://www.aplustrucks.com/inventory/gmc/sierra-3500-hd-crew-cab/125266/,2022 GMC Sierra 3500HD,"69,999.00 USD",used,SILVER,,"{""addr1"": ""8 Storm Dr"", ""city"": ""Windham"", ""region"": ""ME"", ""postal_code"": ""04062"", ""country"": ""United States""}",43.8585579,-70.4537918,,A Plus Trucks,,210290332333508,,
19725654,,3GTUUFEL1NG512770,NG512770,GMC,Sierra 1500,2022,AT4X,Automatic,TRUCK,Gasoline,4WD,Stop by and check out this 2022 GMC Sierra 1500 at A Plus Trucks today! Our customer service is second to none.,[],37927,MI,https://www.aplustrucks.com/inventory/gmc/sierra-1500-crew-cab/ng512770/,2022 GMC Sierra 1500,,used,WHITE,,"{""addr1"": ""8 Storm Dr"", ""city"": ""Windham"", ""region"": ""ME"", ""postal_code"": ""04062"", ""country"": ""United States""}",43.8585579,-70.4537918,,A Plus Trucks,,210290332333508,,
19725653,,1GT39SE70RF163956,RF163956,GMC,Sierra 3500HD,2024,Base,Automatic,TRUCK,Gasoline,4WD,Stop by and check out this 2024 GMC Sierra 3500HD at A Plus Trucks today! Our customer service is second to none.,[],8406,MI,https://www.aplustrucks.com/inventory/gmc/sierra-3500-hd-regular-cab/rf163956/,2024 GMC Sierra 3500HD,"53,999.00 USD",used,BLACK,,"{""addr1"": ""8 Storm Dr"", ""city"": ""Windham"", ""region"": ""ME"", ""postal_code"": ""04062"", ""country"": ""United States""}",43.8585579,-70.4537918,,A Plus Trucks,,210290332333508,,
19725652,,1C4JJXR65PW700251,700251,Jeep,Wrangler 4xe,2023,Rubicon 4XE,Automatic,SUV,Electric,4WD,Stop by and check out this 2023 Jeep Wrangler 4xe at A Plus Trucks today! Our customer service is second to none.,[],10000,MI,https://www.aplustrucks.com/inventory/jeep/wrangler-4xe/700251/,2023 Jeep Wrangler 4xe,"48,999.00 USD",used,BLUE,,"{""addr1"": ""8 Storm Dr"", ""city"": ""Windham"", ""region"": ""ME"", ""postal_code"": ""04062"", ""country"": ""United States""}",43.8585579,-70.4537918,,A Plus Trucks,,210290332333508,,
19725651,,1C6RR7MT8JS171960,JS171960,RAM,Ram 1500 Pickup,2018,Sport,Automatic,TRUCK,Gasoline,4WD,Stop by and check out this 2018 RAM Ram 1500 Pickup at A Plus Trucks today! Our customer service is second to none.,[],75517,MI,https://www.aplustrucks.com/inventory/ram/1500-crew-cab/js171960/,2018 RAM Ram 1500 Pickup,"29,999.00 USD",used,WHITE,,"{""addr1"": ""8 Storm Dr"", ""city"": ""Windham"", ""region"": ""ME"", ""postal_code"": ""04062"", ""country"": ""United States""}",43.8585579,-70.4537918,,A Plus Trucks,,210290332333508,,
19725650,,5TFSZ5AN0JX136885,JX136885,Toyota,Tacoma,2018,TRD Sport,Manual,TRUCK,Gasoline,4WD,Stop by and check out this 2018 Toyota Tacoma at A Plus Trucks today! Our customer service is second to none.,[],49835,MI,https://www.aplustrucks.com/inventory/toyota/tacoma-access-cab/jx136885/,2018 Toyota Tacoma,"32,999.00 USD",used,SILVER,,"{""addr1"": ""8 Storm Dr"", ""city"": ""Windham"", ""region"": ""ME"", ""postal_code"": ""04062"", ""country"": ""United States""}",43.8585579,-70.4537918,,A Plus Trucks,,210290332333508,,
19725649,,1GC1KXEY8HF215317,HF215317,Chevrolet,Silverado 2500HD,2017,High Country,Automatic,TRUCK,Diesel,4WD,Stop by and check out this 2017 Chevrolet Silverado 2500HD at A Plus Trucks today! Our customer service is second to none.,[],100102,MI,https://www.aplustrucks.com/inventory/chevrolet/silverado-2500-hd-crew-cab/hf215317/,2017 Chevrolet Silverado 2500HD,"47,999.00 USD",used,BLACK,,"{""addr1"": ""8 Storm Dr"", ""city"": ""Windham"", ""region"": ""ME"", ""postal_code"": ""04062"", ""country"": ""United States""}",43.8585579,-70.4537918,,A Plus Trucks,,210290332333508,,
19725648,,1C6SRFU97MN764292,MN764292,RAM,Ram 1500 Pickup,2021,TRX,Automatic,TRUCK,Gasoline,4WD,Stop by and check out this 2021 RAM Ram 1500 Pickup at A Plus Trucks today! Our customer service is second to none.,[],40069,MI,https://www.aplustrucks.com/inventory/ram/1500-crew-cab/mn764292/,2021 RAM Ram 1500 Pickup,"74,999.00 USD",used,BLACK,BLACK,"{""addr1"": ""8 Storm Dr"", ""city"": ""Windham"", ""region"": ""ME"", ""postal_code"": ""04062"", ""country"": ""United States""}",43.8585579,-70.4537918,,A Plus Trucks,,210290332333508,,
19725646,,1GCUYDETXMZ361922,361922,Chevrolet,Silverado 1500,2021,LT,Automatic,TRUCK,Diesel,4WD,Stop by and check out this 2021 Chevrolet Silverado 1500 at A Plus Trucks today! Our customer service is second to none.,[],45387,MI,https://www.aplustrucks.com/inventory/chevrolet/silverado-1500-crew-cab/361922/,2021 Chevrolet Silverado 1500,"42,999.00 USD",used,,,"{""addr1"": ""8 Storm Dr"", ""city"": ""Windham"", ""region"": ""ME"", ""postal_code"": ""04062"", ""country"": ""United States""}",43.8585579,-70.4537918,,A Plus Trucks,,210290332333508,,
19725639,,1GCPYFED8MZ124993,124993,Chevrolet,Silverado 1500,2021,LT Trail Boss,Automatic,TRUCK,Gasoline,4WD,Stop by and check out this 2021 Chevrolet Silverado 1500 at A Plus Trucks today! Our customer service is second to none.,[],52214,MI,https://www.aplustrucks.com/inventory/chevrolet/silverado-1500-crew-cab/124993/,2021 Chevrolet Silverado 1500,"41,499.00 USD",used,BLUE,,"{""addr1"": ""8 Storm Dr"", ""city"": ""Windham"", ""region"": ""ME"", ""postal_code"": ""04062"", ""country"": ""United States""}",43.8585579,-70.4537918,,A Plus Trucks,,210290332333508,,
19725640,,1GT12SEY8KF156764,KF156764,GMC,Sierra 2500 Denali HD,2019,Denali,Automatic,TRUCK,Diesel,4WD,Stop by and check out this 2019 GMC Sierra 2500 Denali HD at A Plus Trucks today! Our customer service is second to none.,[],49106,MI,https://www.aplustrucks.com/inventory/gmc/sierra-2500-hd-crew-cab/kf156764/,2019 GMC Sierra 2500 Denali HD,"58,999.00 USD",used,GRAY,,"{""addr1"": ""8 Storm Dr"", ""city"": ""Windham"", ""region"": ""ME"", ""postal_code"": ""04062"", ""country"": ""United States""}",43.8585579,-70.4537918,,A Plus Trucks,,210290332333508,,
19725641,,1GC4YLEY9LF223469,LF223469,Chevrolet,Silverado 2500HD,2020,Work Truck,Automatic,TRUCK,Diesel,4WD,Stop by and check out this 2020 Chevrolet Silverado 2500HD at A Plus Trucks today! Our customer service is second to none.,[],59350,MI,https://www.aplustrucks.com/inventory/chevrolet/silverado-2500-hd-crew-cab/lf223469/,2020 Chevrolet Silverado 2500HD,"59,999.00 USD",used,BLACK,,"{""addr1"": ""8 Storm Dr"", ""city"": ""Windham"", ""region"": ""ME"", ""postal_code"": ""04062"", ""country"": ""United States""}",43.8585579,-70.4537918,,A Plus Trucks,,210290332333508,,
19725642,,1GT19REY8MF234189,1280,GMC,Sierra 2500 Denali HD,2021,Denali,Automatic,TRUCK,Diesel,4WD,Stop by and check out this 2021 GMC Sierra 2500 Denali HD at A Plus Trucks today! Our customer service is second to none.,[],46445,MI,https://www.aplustrucks.com/inventory/gmc/sierra-2500-hd-crew-cab/1280/,2021 GMC Sierra 2500 Denali HD,"65,999.00 USD",used,BLACK,,"{""addr1"": ""8 Storm Dr"", ""city"": ""Windham"", ""region"": ""ME"", ""postal_code"": ""04062"", ""country"": ""United States""}",43.8585579,-70.4537918,,A Plus Trucks,,210290332333508,,
19725643,,1FTFW1E54NFC04601,NFC04601,Ford,F-150,2022,Lariat,Automatic,TRUCK,Gasoline,4WD,Stop by and check out this 2022 Ford F-150 at A Plus Trucks today! Our customer service is second to none.,[],35249,MI,https://www.aplustrucks.com/inventory/ford/f150-supercrew-cab/nfc04601/,2022 Ford F-150,"46,999.00 USD",used,WHITE,,"{""addr1"": ""8 Storm Dr"", ""city"": ""Windham"", ""region"": ""ME"", ""postal_code"": ""04062"", ""country"": ""United States""}",43.8585579,-70.4537918,,A Plus Trucks,,210290332333508,,
19725644,,1GT12SEY1KF151230,151230,GMC,Sierra 2500 Denali HD,2019,Denali,Automatic,TRUCK,Diesel,4WD,Stop by and check out this 2019 GMC Sierra 2500 Denali HD at A Plus Trucks today! Our customer service is second to none.,[],185447,MI,https://www.aplustrucks.com/inventory/gmc/sierra-2500-hd-crew-cab/151230/,2019 GMC Sierra 2500 Denali HD,"35,999.00 USD",used,WHITE,,"{""addr1"": ""8 Storm Dr"", ""city"": ""Windham"", ""region"": ""ME"", ""postal_code"": ""04062"", ""country"": ""United States""}",43.8585579,-70.4537918,,A Plus Trucks,,210290332333508,,
19725645,,1FT8W2BT8NEE27716,EE27716,Ford,F-250 Super Duty,2022,Lariat,Automatic,TRUCK,Diesel,4WD,Stop by and check out this 2022 Ford F-250 Super Duty at A Plus Trucks today! Our customer service is second to none.,[],38783,MI,https://www.aplustrucks.com/inventory/ford/f250-super-duty-crew-cab/ee27716/,2022 Ford F-250 Super Duty,"69,999.00 USD",used,WHITE,,"{""addr1"": ""8 Storm Dr"", ""city"": ""Windham"", ""region"": ""ME"", ""postal_code"": ""04062"", ""country"": ""United States""}",43.8585579,-70.4537918,,A Plus Trucks,,210290332333508,,
19725647,,1GT49WEY9LF248502,248502,GMC,Sierra 3500 Denali HD,2020,Denali,Automatic,TRUCK,Diesel,4WD,Stop by and check out this 2020 GMC Sierra 3500 Denali HD at A Plus Trucks today! Our customer service is second to none.,[],45000,MI,https://www.aplustrucks.com/inventory/gmc/sierra-3500-hd-crew-cab/248502/,2020 GMC Sierra 3500 Denali HD,"67,999.00 USD",used,BLACK,,"{""addr1"": ""8 Storm Dr"", ""city"": ""Windham"", ""region"": ""ME"", ""postal_code"": ""04062"", ""country"": ""United States""}",43.8585579,-70.4537918,,A Plus Trucks,,210290332333508,,
19725635,,1GKS2CKJ4HR193520,193520,GMC,Yukon,2017,Denali,Automatic,SUV,Gasoline,4WD,Stop by and check out this 2017 GMC Yukon at A Plus Trucks today! Our customer service is second to none.,[],80545,MI,https://www.aplustrucks.com/inventory/gmc/yukon/193520/,2017 GMC Yukon,"32,999.00 USD",used,GREEN,,"{""addr1"": ""8 Storm Dr"", ""city"": ""Windham"", ""region"": ""ME"", ""postal_code"": ""04062"", ""country"": ""United States""}",43.8585579,-70.4537918,,A Plus Trucks,,210290332333508,,
19725638,,1C4HJXEN3LW209781,209781,Jeep,Wrangler Unlimited,2020,Sahara,Automatic,SUV,Gasoline,4WD,Stop by and check out this 2020 Jeep Wrangler Unlimited at A Plus Trucks today! Our customer service is second to none.,[],63995,MI,https://www.aplustrucks.com/inventory/jeep/wrangler-unlimited/209781/,2020 Jeep Wrangler Unlimited,"33,999.00 USD",used,GRAY,,"{""addr1"": ""8 Storm Dr"", ""city"": ""Windham"", ""region"": ""ME"", ""postal_code"": ""04062"", ""country"": ""United States""}",43.8585579,-70.4537918,,A Plus Trucks,,210290332333508,,
19725637,,1GT19REY3LF317026,317026,GMC,Sierra 2500HD,2020,Denali,Automatic,TRUCK,Diesel,4WD,Stop by and check out this 2020 GMC Sierra 2500HD at A Plus Trucks today! Our customer service is second to none.,[],32096,MI,https://www.aplustrucks.com/inventory/gmc/sierra-2500-hd-crew-cab/317026/,2020 GMC Sierra 2500HD,"64,499.00 USD",used,BLACK,,"{""addr1"": ""8 Storm Dr"", ""city"": ""Windham"", ""region"": ""ME"", ""postal_code"": ""04062"", ""country"": ""United States""}",43.8585579,-70.4537918,,A Plus Trucks,,210290332333508,,
19725636,,1GT19MEY3RF145754,RF145754,GMC,Sierra 2500HD,2024,SLE,Automatic,TRUCK,Diesel,4WD,Stop by and check out this 2024 GMC Sierra 2500HD at A Plus Trucks today! Our customer service is second to none.,[],11450,MI,https://www.aplustrucks.com/inventory/gmc/sierra-2500-hd-crew-cab/rf145754/,2024 GMC Sierra 2500HD,"66,999.00 USD",used,BLACK,,"{""addr1"": ""8 Storm Dr"", ""city"": ""Windham"", ""region"": ""ME"", ""postal_code"": ""04062"", ""country"": ""United States""}",43.8585579,-70.4537918,,A Plus Trucks,,210290332333508,,
19725634,,1GC4YREY0MF112619,MF112619,Chevrolet,Silverado 2500HD,2021,High Country,Automatic,TRUCK,Diesel,4WD,Stop by and check out this 2021 Chevrolet Silverado 2500HD at A Plus Trucks today! Our customer service is second to none.,[],100720,MI,https://www.aplustrucks.com/inventory/chevrolet/silverado-2500-hd-crew-cab/mf112619/,2021 Chevrolet Silverado 2500HD,"49,999.00 USD",used,BLUE,BLACK,"{""addr1"": ""8 Storm Dr"", ""city"": ""Windham"", ""region"": ""ME"", ""postal_code"": ""04062"", ""country"": ""United States""}",43.8585579,-70.4537918,,A Plus Trucks,,210290332333508,,
19725633,,1FT8W3BT9NED67855,D67855,Ford,F-350 Super Duty,2022,Lariat,Automatic,TRUCK,Diesel,4WD,Stop by and check out this 2022 Ford F-350 Super Duty at A Plus Trucks today! Our customer service is second to none.,[],72285,MI,https://www.aplustrucks.com/inventory/ford/f350-super-duty-crew-cab/d67855/,2022 Ford F-350 Super Duty,"63,999.00 USD",used,WHITE,BLACK,"{""addr1"": ""8 Storm Dr"", ""city"": ""Windham"", ""region"": ""ME"", ""postal_code"": ""04062"", ""country"": ""United States""}",43.8585579,-70.4537918,,A Plus Trucks,,210290332333508,,
19725632,,1C4HJXEN9LW166712,9LW166712,Jeep,Wrangler Unlimited,2020,Sahara,Automatic,SUV,Gasoline,4WD,Stop by and check out this 2020 Jeep Wrangler Unlimited at A Plus Trucks today! Our customer service is second to none.,[],29792,MI,https://www.aplustrucks.com/inventory/jeep/wrangler-unlimited/9lw166712/,2020 Jeep Wrangler Unlimited,"45,999.00 USD",used,,,"{""addr1"": ""8 Storm Dr"", ""city"": ""Windham"", ""region"": ""ME"", ""postal_code"": ""04062"", ""country"": ""United States""}",43.8585579,-70.4537918,,A Plus Trucks,,210290332333508,,
19725631,,1GT49PEY8RF268710,268710,GMC,Sierra 2500HD,2024,AT4,Automatic,TRUCK,Diesel,4WD,Stop by and check out this 2024 GMC Sierra 2500HD at A Plus Trucks today! Our customer service is second to none.,[],995,MI,https://www.aplustrucks.com/inventory/gmc/sierra-2500-hd-crew-cab/268710/,2024 GMC Sierra 2500HD,,used,BLACK,,"{""addr1"": ""8 Storm Dr"", ""city"": ""Windham"", ""region"": ""ME"", ""postal_code"": ""04062"", ""country"": ""United States""}",43.8585579,-70.4537918,,A Plus Trucks,,210290332333508,,
19725630,,3GCUKREC0JG167832,JG167832,Chevrolet,Silverado 1500,2018,LT Z71,Automatic,TRUCK,Gasoline,4WD,Stop by and check out this 2018 Chevrolet Silverado 1500 at A Plus Trucks today! Our customer service is second to none.,[],95729,MI,https://www.aplustrucks.com/inventory/chevrolet/silverado-1500-crew-cab/jg167832/,2018 Chevrolet Silverado 1500,"31,499.00 USD",used,WHITE,,"{""addr1"": ""8 Storm Dr"", ""city"": ""Windham"", ""region"": ""ME"", ""postal_code"": ""04062"", ""country"": ""United States""}",43.8585579,-70.4537918,,A Plus Trucks,,210290332333508,,
19725625,,1GC1KXEYXHF210104,210104,Chevrolet,Silverado 2500HD,2017,High Country,Automatic,TRUCK,Diesel,4WD,Stop by and check out this 2017 Chevrolet Silverado 2500HD at A Plus Trucks today! Our customer service is second to none.,[],129731,MI,https://www.aplustrucks.com/inventory/chevrolet/silverado-2500-hd-crew-cab/210104/,2017 Chevrolet Silverado 2500HD,"41,999.00 USD",used,WHITE,,"{""addr1"": ""8 Storm Dr"", ""city"": ""Windham"", ""region"": ""ME"", ""postal_code"": ""04062"", ""country"": ""United States""}",43.8585579,-70.4537918,,A Plus Trucks,,210290332333508,,
19725622,,1FA6P8CF7M5126472,M5126472,Ford,Mustang,2021,GT Premium,Automatic,COUPE,Gasoline,RWD,Stop by and check out this 2021 Ford Mustang at A Plus Trucks today! Our customer service is second to none.,[],1970,MI,https://www.aplustrucks.com/inventory/ford/mustang/m5126472/,2021 Ford Mustang,"48,999.00 USD",used,WHITE,,"{""addr1"": ""8 Storm Dr"", ""city"": ""Windham"", ""region"": ""ME"", ""postal_code"": ""04062"", ""country"": ""United States""}",43.8585579,-70.4537918,,A Plus Trucks,,210290332333508,,
19725623,,1GT49WEY5LF101948,LF101498,GMC,Sierra 3500 Denali HD,2020,Denali,Automatic,TRUCK,Diesel,4WD,Stop by and check out this 2020 GMC Sierra 3500 Denali HD at A Plus Trucks today! Our customer service is second to none.,[],66000,MI,https://www.aplustrucks.com/inventory/gmc/sierra-3500-hd-crew-cab/lf101498/,2020 GMC Sierra 3500 Denali HD,"61,999.00 USD",used,RED,BLACK,"{""addr1"": ""8 Storm Dr"", ""city"": ""Windham"", ""region"": ""ME"", ""postal_code"": ""04062"", ""country"": ""United States""}",43.8585579,-70.4537918,,A Plus Trucks,,210290332333508,,
19725624,,1C6SRFLT6LN235847,235847,RAM,Ram 1500 Pickup,2020,Rebel,Automatic,TRUCK,Gasoline,4WD,Stop by and check out this 2020 RAM Ram 1500 Pickup at A Plus Trucks today! Our customer service is second to none.,[],74159,MI,https://www.aplustrucks.com/inventory/ram/1500-crew-cab/235847/,2020 RAM Ram 1500 Pickup,"36,999.00 USD",used,WHITE,,"{""addr1"": ""8 Storm Dr"", ""city"": ""Windham"", ""region"": ""ME"", ""postal_code"": ""04062"", ""country"": ""United States""}",43.8585579,-70.4537918,,A Plus Trucks,,210290332333508,,
19725626,,1GT12UEY0HF111547,111547,GMC,Sierra 2500 Denali HD,2017,Denali,Automatic,TRUCK,Diesel,4WD,Stop by and check out this 2017 GMC Sierra 2500 Denali HD at A Plus Trucks today! Our customer service is second to none.,[],156750,MI,https://www.aplustrucks.com/inventory/gmc/sierra-2500-hd-crew-cab/111547/,2017 GMC Sierra 2500 Denali HD,"38,999.00 USD",used,WHITE,,"{""addr1"": ""8 Storm Dr"", ""city"": ""Windham"", ""region"": ""ME"", ""postal_code"": ""04062"", ""country"": ""United States""}",43.8585579,-70.4537918,,A Plus Trucks,,210290332333508,,
19725627,,1GT19REY0NF238996,238996,GMC,Sierra 2500 Denali HD,2022,Denali,Automatic,TRUCK,Diesel,4WD,Stop by and check out this 2022 GMC Sierra 2500 Denali HD at A Plus Trucks today! Our customer service is second to none.,[],29307,MI,https://www.aplustrucks.com/inventory/gmc/sierra-2500-hd-crew-cab/238996/,2022 GMC Sierra 2500 Denali HD,"67,999.00 USD",used,BLACK,,"{""addr1"": ""8 Storm Dr"", ""city"": ""Windham"", ""region"": ""ME"", ""postal_code"": ""04062"", ""country"": ""United States""}",43.8585579,-70.4537918,,A Plus Trucks,,210290332333508,,
19725628,,1C6SRFU90NN318101,318101,RAM,Ram 1500 Pickup,2022,TRX,Automatic,TRUCK,Gasoline,4WD,Stop by and check out this 2022 RAM Ram 1500 Pickup at A Plus Trucks today! Our customer service is second to none.,[],14000,MI,https://www.aplustrucks.com/inventory/ram/1500-crew-cab/318101/,2022 RAM Ram 1500 Pickup,"78,999.00 USD",used,BLACK,,"{""addr1"": ""8 Storm Dr"", ""city"": ""Windham"", ""region"": ""ME"", ""postal_code"": ""04062"", ""country"": ""United States""}",43.8585579,-70.4537918,,A Plus Trucks,,210290332333508,,
19725629,,1GT49REY1LF341824,LF341824,GMC,Sierra 2500HD,2020,Denali,Automatic,TRUCK,Diesel,4WD,Stop by and check out this 2020 GMC Sierra 2500HD at A Plus Trucks today! Our customer service is second to none.,[],48821,MI,https://www.aplustrucks.com/inventory/gmc/sierra-2500-hd-crew-cab/lf341824/,2020 GMC Sierra 2500HD,"63,999.00 USD",used,WHITE,,"{""addr1"": ""8 Storm Dr"", ""city"": ""Windham"", ""region"": ""ME"", ""postal_code"": ""04062"", ""country"": ""United States""}",43.8585579,-70.4537918,,A Plus Trucks,,210290332333508,,
19725615,,2GC1YNEY3N1232676,N1232676,Chevrolet,Silverado 2500HD,2022,LT,Automatic,TRUCK,Diesel,4WD,Stop by and check out this 2022 Chevrolet Silverado 2500HD at A Plus Trucks today! Our customer service is second to none.,[],31545,MI,https://www.aplustrucks.com/inventory/chevrolet/silverado-2500-hd-crew-cab/n1232676/,2022 Chevrolet Silverado 2500HD,"54,999.00 USD",used,BLACK,,"{""addr1"": ""8 Storm Dr"", ""city"": ""Windham"", ""region"": ""ME"", ""postal_code"": ""04062"", ""country"": ""United States""}",43.8585579,-70.4537918,,A Plus Trucks,,210290332333508,,
19725621,,1C4HJXFN7JW227907,227907,Jeep,All-New Wrangler Unlimited,2018,Rubicon,Automatic,SUV,Gasoline,4WD,Stop by and check out this 2018 Jeep All-New Wrangler Unlimited at A Plus Trucks today! Our customer service is second to none.,[],77586,MI,https://www.aplustrucks.com/inventory/jeep/wrangler-unlimited/227907/,2018 Jeep All-New Wrangler Unlimited,"31,999.00 USD",used,BLUE,,"{""addr1"": ""8 Storm Dr"", ""city"": ""Windham"", ""region"": ""ME"", ""postal_code"": ""04062"", ""country"": ""United States""}",43.8585579,-70.4537918,,A Plus Trucks,,210290332333508,,
19725620,,1FTFW1E59MKD03808,D0380,Ford,F-150,2021,XLT,Automatic,TRUCK,Gasoline,4WD,Stop by and check out this 2021 Ford F-150 at A Plus Trucks today! Our customer service is second to none.,[],54750,MI,https://www.aplustrucks.com/inventory/ford/f150-supercrew-cab/d0380/,2021 Ford F-150,"38,999.00 USD",used,GRAY,BLACK,"{""addr1"": ""8 Storm Dr"", ""city"": ""Windham"", ""region"": ""ME"", ""postal_code"": ""04062"", ""country"": ""United States""}",43.8585579,-70.4537918,,A Plus Trucks,,210290332333508,,
19725619,,1G1YD2D34P5603434,P5603434,Chevrolet,Corvette,2023,1LZ,Automatic,HATCHBACK,Gasoline,RWD,Stop by and check out this 2023 Chevrolet Corvette at A Plus Trucks today! Our customer service is second to none.,[],1681,MI,https://www.aplustrucks.com/inventory/chevrolet/corvette/p5603434/,2023 Chevrolet Corvette,,used,WHITE,,"{""addr1"": ""8 Storm Dr"", ""city"": ""Windham"", ""region"": ""ME"", ""postal_code"": ""04062"", ""country"": ""United States""}",43.8585579,-70.4537918,,A Plus Trucks,,210290332333508,,
19725618,,1GCUYDED5KZ157096,KZ157096,Chevrolet,Silverado 1500,2019,LT,Automatic,TRUCK,Gasoline,4WD,Stop by and check out this 2019 Chevrolet Silverado 1500 at A Plus Trucks today! Our customer service is second to none.,[],94112,MI,https://www.aplustrucks.com/inventory/chevrolet/silverado-1500-crew-cab/kz157096/,2019 Chevrolet Silverado 1500,"34,999.00 USD",used,RED,,"{""addr1"": ""8 Storm Dr"", ""city"": ""Windham"", ""region"": ""ME"", ""postal_code"": ""04062"", ""country"": ""United States""}",43.8585579,-70.4537918,,A Plus Trucks,,210290332333508,,
19725617,,3C63RRBLXNG422494,422494,RAM,Ram 3500 Pickup,2022,Big Horn,Automatic,TRUCK,Diesel,4WD,Stop by and check out this 2022 RAM Ram 3500 Pickup at A Plus Trucks today! Our customer service is second to none.,[],6300,MI,https://www.aplustrucks.com/inventory/ram/3500-regular-cab/422494/,2022 RAM Ram 3500 Pickup,"66,999.00 USD",used,,,"{""addr1"": ""8 Storm Dr"", ""city"": ""Windham"", ""region"": ""ME"", ""postal_code"": ""04062"", ""country"": ""United States""}",43.8585579,-70.4537918,,A Plus Trucks,,210290332333508,,
19725616,,1FT8W2BM1REC60713,C60713,Ford,F-250 Super Duty,2024,Platinum,Automatic,,,4WD,Stop by and check out this 2024 Ford F-250 Super Duty at A Plus Trucks today! Our customer service is second to none.,[],14,MI,https://www.aplustrucks.com/inventory/ford/f250-super-duty-crew-cab/c60713/,2024 Ford F-250 Super Duty,"94,999.00 USD",used,WHITE,BLACK,"{""addr1"": ""8 Storm Dr"", ""city"": ""Windham"", ""region"": ""ME"", ""postal_code"": ""04062"", ""country"": ""United States""}",43.8585579,-70.4537918,,A Plus Trucks,,210290332333508,,
